{
    "mean_correlation": 0.21660956033973122,
    "median_correlation": 0.10641842843106339,
    "min_correlation": 0.05394929621321663,
    "max_correlation": 0.4894609563749136,
    "std_correlation": 0.19412052218091114,
    "correlation_matrix": {
        "TSLA": {
            "TSLA": 1.0,
            "BND": 0.05394929621321663,
            "SPY": 0.4894609563749136
        },
        "BND": {
            "TSLA": 0.05394929621321663,
            "BND": 1.0,
            "SPY": 0.10641842843106339
        },
        "SPY": {
            "TSLA": 0.4894609563749136,
            "BND": 0.10641842843106339,
            "SPY": 1.0
        }
    }
}